{
  "hash": "d3339e99",
  "configHash": "23f78a33",
  "lockfileHash": "ee45340f",
  "browserHash": "b981b301",
  "optimized": {
    "@angular/core": {
      "src": "../../../../../../node_modules/@angular/core/fesm2022/core.mjs",
      "file": "@angular_core.js",
      "fileHash": "7a2d4bdd",
      "needsInterop": false
    },
    "@angular/platform-browser": {
      "src": "../../../../../../node_modules/@angular/platform-browser/fesm2022/platform-browser.mjs",
      "file": "@angular_platform-browser.js",
      "fileHash": "479af3ed",
      "needsInterop": false
    },
    "@angular/router": {
      "src": "../../../../../../node_modules/@angular/router/fesm2022/router.mjs",
      "file": "@angular_router.js",
      "fileHash": "1b5199d4",
      "needsInterop": false
    },
    "zone.js": {
      "src": "../../../../../../node_modules/zone.js/fesm2015/zone.js",
      "file": "zone__js.js",
      "fileHash": "ea94ee16",
      "needsInterop": true
    }
  },
  "chunks": {
    "chunk-V36IXVUA": {
      "file": "chunk-V36IXVUA.js"
    },
    "chunk-KHV4EVH4": {
      "file": "chunk-KHV4EVH4.js"
    },
    "chunk-WDMUDEB6": {
      "file": "chunk-WDMUDEB6.js"
    }
  }
}