{
  "hash": "1b068893",
  "configHash": "c88fa68c",
  "lockfileHash": "ee45340f",
  "browserHash": "09cec0f4",
  "optimized": {
    "@angular/core": {
      "src": "../../../../../../node_modules/@angular/core/fesm2022/core.mjs",
      "file": "@angular_core.js",
      "fileHash": "e5af5044",
      "needsInterop": false
    },
    "@angular/platform-browser": {
      "src": "../../../../../../node_modules/@angular/platform-browser/fesm2022/platform-browser.mjs",
      "file": "@angular_platform-browser.js",
      "fileHash": "6e39933f",
      "needsInterop": false
    },
    "@angular/platform-server/init": {
      "src": "../../../../../../node_modules/@angular/platform-server/fesm2022/init.mjs",
      "file": "@angular_platform-server_init.js",
      "fileHash": "a6401129",
      "needsInterop": false
    },
    "@angular/router": {
      "src": "../../../../../../node_modules/@angular/router/fesm2022/router.mjs",
      "file": "@angular_router.js",
      "fileHash": "806ee785",
      "needsInterop": false
    },
    "@angular/ssr": {
      "src": "../../../../../../node_modules/@angular/ssr/fesm2022/ssr.mjs",
      "file": "@angular_ssr.js",
      "fileHash": "639d7c7f",
      "needsInterop": false
    },
    "@angular/ssr/node": {
      "src": "../../../../../../node_modules/@angular/ssr/fesm2022/node.mjs",
      "file": "@angular_ssr_node.js",
      "fileHash": "aaa9644d",
      "needsInterop": false
    },
    "express": {
      "src": "../../../../../../node_modules/express/index.js",
      "file": "express.js",
      "fileHash": "b18e1f1c",
      "needsInterop": true
    },
    "zone.js/node": {
      "src": "../../../../../../node_modules/zone.js/fesm2015/zone-node.js",
      "file": "zone__js_node.js",
      "fileHash": "7be7a2a3",
      "needsInterop": true
    }
  },
  "chunks": {
    "xhr2-WBTWOK2V": {
      "file": "xhr2-WBTWOK2V.js"
    },
    "chunk-JN2B7NO5": {
      "file": "chunk-JN2B7NO5.js"
    },
    "chunk-UKR7FPBE": {
      "file": "chunk-UKR7FPBE.js"
    },
    "chunk-ISFGRJPD": {
      "file": "chunk-ISFGRJPD.js"
    },
    "chunk-B3BHEVPD": {
      "file": "chunk-B3BHEVPD.js"
    },
    "chunk-YHCV7DAQ": {
      "file": "chunk-YHCV7DAQ.js"
    }
  }
}