{
  "hash": "6592b844",
  "configHash": "23f78a33",
  "lockfileHash": "ea7e7637",
  "browserHash": "70067c11",
  "optimized": {
    "@angular/core": {
      "src": "../../../../../../node_modules/@angular/core/fesm2022/core.mjs",
      "file": "@angular_core.js",
      "fileHash": "b6440683",
      "needsInterop": false
    },
    "@angular/platform-browser": {
      "src": "../../../../../../node_modules/@angular/platform-browser/fesm2022/platform-browser.mjs",
      "file": "@angular_platform-browser.js",
      "fileHash": "ce8ff785",
      "needsInterop": false
    },
    "@angular/router": {
      "src": "../../../../../../node_modules/@angular/router/fesm2022/router.mjs",
      "file": "@angular_router.js",
      "fileHash": "ff84254e",
      "needsInterop": false
    },
    "zone.js": {
      "src": "../../../../../../node_modules/zone.js/fesm2015/zone.js",
      "file": "zone__js.js",
      "fileHash": "a6f5f376",
      "needsInterop": true
    }
  },
  "chunks": {
    "chunk-V36IXVUA": {
      "file": "chunk-V36IXVUA.js"
    },
    "chunk-KHV4EVH4": {
      "file": "chunk-KHV4EVH4.js"
    },
    "chunk-WDMUDEB6": {
      "file": "chunk-WDMUDEB6.js"
    }
  }
}